psgcCode,psgcOldCode,citymunDesc,regCode,provCode,citymunCode
1380100000,137501000,City of Caloocan,13,13801,1380100
1380200000,137601000,City of Las Piñas,13,13802,1380200
1380300000,137602000,City of Makati,13,13803,1380300
1380400000,137502000,City of Malabon,13,13804,1380400
1380500000,137401000,City of Mandaluyong,13,13805,1380500
1380600000,133900000,City of Manila,13,13806,1380600
1380601000,133901000,Tondo I/II,13,13806,1380601
1380602000,133902000,Binondo,13,13806,1380602
1380603000,133903000,Quiapo,13,13806,1380603
1380604000,133904000,San Nicolas,13,13806,1380604
1380605000,133905000,Santa Cruz,13,13806,1380605
1380606000,133906000,Sampaloc,13,13806,1380606
1380607000,133907000,San Miguel,13,13806,1380607
1380608000,133908000,Ermita,13,13806,1380608
1380609000,133909000,Intramuros,13,13806,1380609
1380610000,133910000,Malate,13,13806,1380610
1380611000,133911000,Paco,13,13806,1380611
1380612000,133912000,Pandacan,13,13806,1380612
1380613000,133913000,Port Area,13,13806,1380613
1380614000,133914000,Santa Ana,13,13806,1380614
1380700000,137402000,City of Marikina,13,13807,1380700
1380800000,137603000,City of Muntinlupa,13,13808,1380800
1380900000,137503000,City of Navotas,13,13809,1380900
1381000000,137604000,City of Parañaque,13,13810,1381000
1381100000,137605000,Pasay City,13,13811,1381100
1381200000,137403000,City of Pasig,13,13812,1381200
1381300000,137404000,Quezon City,13,13813,1381300
1381400000,137405000,City of San Juan,13,13814,1381400
1381500000,137607000,City of Taguig,13,13815,1381500
1381600000,137504000,City of Valenzuela,13,13816,1381600
1381701000,137606000,Pateros,13,13817,1381701
1400101000,140101000,Bangued ,14,14001,1400101
1400102000,140102000,Boliney,14,14001,1400102
1400103000,140103000,Bucay,14,14001,1400103
1400104000,140104000,Bucloc,14,14001,1400104
1400105000,140105000,Daguioman,14,14001,1400105
1400106000,140106000,Danglas,14,14001,1400106
1400107000,140107000,Dolores,14,14001,1400107
1400108000,140108000,La Paz,14,14001,1400108
1400109000,140109000,Lacub,14,14001,1400109
1400110000,140110000,Lagangilang,14,14001,1400110
1400111000,140111000,Lagayan,14,14001,1400111
1400112000,140112000,Langiden,14,14001,1400112
1400113000,140113000,Licuan-Baay,14,14001,1400113
1400114000,140114000,Luba,14,14001,1400114
1400115000,140115000,Malibcong,14,14001,1400115
1400116000,140116000,Manabo,14,14001,1400116
1400117000,140117000,Peñarrubia,14,14001,1400117
1400118000,140118000,Pidigan,14,14001,1400118
1400119000,140119000,Pilar,14,14001,1400119
1400120000,140120000,Sallapadan,14,14001,1400120
1400121000,140121000,San Isidro,14,14001,1400121
1400122000,140122000,San Juan,14,14001,1400122
1400123000,140123000,San Quintin,14,14001,1400123
1400124000,140124000,Tayum,14,14001,1400124
1400125000,140125000,Tineg,14,14001,1400125
1400126000,140126000,Tubo,14,14001,1400126
1400127000,140127000,Villaviciosa,14,14001,1400127
1401101000,141101000,Atok,14,14011,1401101
1401103000,141103000,Bakun,14,14011,1401103
1401104000,141104000,Bokod,14,14011,1401104
1401105000,141105000,Buguias,14,14011,1401105
1401106000,141106000,Itogon,14,14011,1401106
1401107000,141107000,Kabayan,14,14011,1401107
1401108000,141108000,Kapangan,14,14011,1401108
1401109000,141109000,Kibungan,14,14011,1401109
1401110000,141110000,La Trinidad ,14,14011,1401110
1401111000,141111000,Mankayan,14,14011,1401111
1401112000,141112000,Sablan,14,14011,1401112
1401113000,141113000,Tuba,14,14011,1401113
1401114000,141114000,Tublay,14,14011,1401114
1402701000,142701000,Banaue,14,14027,1402701
1402702000,142702000,Hungduan,14,14027,1402702
1402703000,142703000,Kiangan,14,14027,1402703
1402704000,142704000,Lagawe ,14,14027,1402704
1402705000,142705000,Lamut,14,14027,1402705
1402706000,142706000,Mayoyao,14,14027,1402706
1402707000,142707000,Alfonso Lista,14,14027,1402707
1402708000,142708000,Aguinaldo,14,14027,1402708
1402709000,142709000,Hingyon,14,14027,1402709
1402710000,142710000,Tinoc,14,14027,1402710
1402711000,142711000,Asipulo,14,14027,1402711
1403201000,143201000,Balbalan,14,14032,1403201
1403206000,143206000,Lubuagan,14,14032,1403206
1403208000,143208000,Pasil,14,14032,1403208
1403209000,143209000,Pinukpuk,14,14032,1403209
1403211000,143211000,Rizal,14,14032,1403211
1403213000,143213000,City of Tabuk ,14,14032,1403213
1403214000,143214000,Tanudan,14,14032,1403214
1403215000,143215000,Tinglayan,14,14032,1403215
1404401000,144401000,Barlig,14,14044,1404401
1404402000,144402000,Bauko,14,14044,1404402
1404403000,144403000,Besao,14,14044,1404403
1404404000,144404000,Bontoc ,14,14044,1404404
1404405000,144405000,Natonin,14,14044,1404405
1404406000,144406000,Paracelis,14,14044,1404406
1404407000,144407000,Sabangan,14,14044,1404407
1404408000,144408000,Sadanga,14,14044,1404408
1404409000,144409000,Sagada,14,14044,1404409
1404410000,144410000,Tadian,14,14044,1404410
1408101000,148101000,Calanasan,14,14081,1408101
1408102000,148102000,Conner,14,14081,1408102
1408103000,148103000,Flora,14,14081,1408103
1408104000,148104000,Kabugao ,14,14081,1408104
1408105000,148105000,Luna,14,14081,1408105
1408106000,148106000,Pudtol,14,14081,1408106
1408107000,148107000,Santa Marcela,14,14081,1408107
1430300000,141102000,City of Baguio,14,14303,1430300
0102801000,012801000,Adams,01,01028,0102801
0102802000,012802000,Bacarra,01,01028,0102802
0102803000,012803000,Badoc,01,01028,0102803
0102804000,012804000,Bangui,01,01028,0102804
0102805000,012805000,City of Batac,01,01028,0102805
0102806000,012806000,Burgos,01,01028,0102806
0102807000,012807000,Carasi,01,01028,0102807
0102808000,012808000,Currimao,01,01028,0102808
0102809000,012809000,Dingras,01,01028,0102809
0102810000,012810000,Dumalneg,01,01028,0102810
0102811000,012811000,Banna,01,01028,0102811
0102812000,012812000,City of Laoag ,01,01028,0102812
0102813000,012813000,Marcos,01,01028,0102813
0102814000,012814000,Nueva Era,01,01028,0102814
0102815000,012815000,Pagudpud,01,01028,0102815
0102816000,012816000,Paoay,01,01028,0102816
0102817000,012817000,Pasuquin,01,01028,0102817
0102818000,012818000,Piddig,01,01028,0102818
0102819000,012819000,Pinili,01,01028,0102819
0102820000,012820000,San Nicolas,01,01028,0102820
0102821000,012821000,Sarrat,01,01028,0102821
0102822000,012822000,Solsona,01,01028,0102822
0102823000,012823000,Vintar,01,01028,0102823
0102901000,012901000,Alilem,01,01029,0102901
0102902000,012902000,Banayoyo,01,01029,0102902
0102903000,012903000,Bantay,01,01029,0102903
0102904000,012904000,Burgos,01,01029,0102904
0102905000,012905000,Cabugao,01,01029,0102905
0102906000,012906000,City of Candon,01,01029,0102906
0102907000,012907000,Caoayan,01,01029,0102907
0102908000,012908000,Cervantes,01,01029,0102908
0102909000,012909000,Galimuyod,01,01029,0102909
0102910000,012910000,Gregorio del Pilar,01,01029,0102910
0102911000,012911000,Lidlidda,01,01029,0102911
0102912000,012912000,Magsingal,01,01029,0102912
0102913000,012913000,Nagbukel,01,01029,0102913
0102914000,012914000,Narvacan,01,01029,0102914
0102915000,012915000,Quirino,01,01029,0102915
0102916000,012916000,Salcedo,01,01029,0102916
0102917000,012917000,San Emilio,01,01029,0102917
0102918000,012918000,San Esteban,01,01029,0102918
0102919000,012919000,San Ildefonso,01,01029,0102919
0102920000,012920000,San Juan,01,01029,0102920
0102921000,012921000,San Vicente,01,01029,0102921
0102922000,012922000,Santa,01,01029,0102922
0102923000,012923000,Santa Catalina,01,01029,0102923
0102924000,012924000,Santa Cruz,01,01029,0102924
0102925000,012925000,Santa Lucia,01,01029,0102925
0102926000,012926000,Santa Maria,01,01029,0102926
0102927000,012927000,Santiago,01,01029,0102927
0102928000,012928000,Santo Domingo,01,01029,0102928
0102929000,012929000,Sigay,01,01029,0102929
0102930000,012930000,Sinait,01,01029,0102930
0102931000,012931000,Sugpon,01,01029,0102931
0102932000,012932000,Suyo,01,01029,0102932
0102933000,012933000,Tagudin,01,01029,0102933
0102934000,012934000,City of Vigan ,01,01029,0102934
0103301000,013301000,Agoo,01,01033,0103301
0103302000,013302000,Aringay,01,01033,0103302
0103303000,013303000,Bacnotan,01,01033,0103303
0103304000,013304000,Bagulin,01,01033,0103304
0103305000,013305000,Balaoan,01,01033,0103305
0103306000,013306000,Bangar,01,01033,0103306
0103307000,013307000,Bauang,01,01033,0103307
0103308000,013308000,Burgos,01,01033,0103308
0103309000,013309000,Caba,01,01033,0103309
0103310000,013310000,Luna,01,01033,0103310
0103311000,013311000,Naguilian,01,01033,0103311
0103312000,013312000,Pugo,01,01033,0103312
0103313000,013313000,Rosario,01,01033,0103313
0103314000,013314000,City of San Fernando ,01,01033,0103314
0103315000,013315000,San Gabriel,01,01033,0103315
0103316000,013316000,San Juan,01,01033,0103316
0103317000,013317000,Santo Tomas,01,01033,0103317
0103318000,013318000,Santol,01,01033,0103318
0103319000,013319000,Sudipen,01,01033,0103319
0103320000,013320000,Tubao,01,01033,0103320
0105501000,015501000,Agno,01,01055,0105501
0105502000,015502000,Aguilar,01,01055,0105502
0105503000,015503000,City of Alaminos,01,01055,0105503
0105504000,015504000,Alcala,01,01055,0105504
0105505000,015505000,Anda,01,01055,0105505
0105506000,015506000,Asingan,01,01055,0105506
0105507000,015507000,Balungao,01,01055,0105507
0105508000,015508000,Bani,01,01055,0105508
0105509000,015509000,Basista,01,01055,0105509
0105510000,015510000,Bautista,01,01055,0105510
0105511000,015511000,Bayambang,01,01055,0105511
0105512000,015512000,Binalonan,01,01055,0105512
0105513000,015513000,Binmaley,01,01055,0105513
0105514000,015514000,Bolinao,01,01055,0105514
0105515000,015515000,Bugallon,01,01055,0105515
0105516000,015516000,Burgos,01,01055,0105516
0105517000,015517000,Calasiao,01,01055,0105517
0105518000,015518000,City of Dagupan,01,01055,0105518
0105519000,015519000,Dasol,01,01055,0105519
0105520000,015520000,Infanta,01,01055,0105520
0105521000,015521000,Labrador,01,01055,0105521
0105522000,015522000,Lingayen ,01,01055,0105522
0105523000,015523000,Mabini,01,01055,0105523
0105524000,015524000,Malasiqui,01,01055,0105524
0105525000,015525000,Manaoag,01,01055,0105525
0105526000,015526000,Mangaldan,01,01055,0105526
0105527000,015527000,Mangatarem,01,01055,0105527
0105528000,015528000,Mapandan,01,01055,0105528
0105529000,015529000,Natividad,01,01055,0105529
0105530000,015530000,Pozorrubio,01,01055,0105530
0105531000,015531000,Rosales,01,01055,0105531
0105532000,015532000,City of San Carlos,01,01055,0105532
0105533000,015533000,San Fabian,01,01055,0105533
0105534000,015534000,San Jacinto,01,01055,0105534
0105535000,015535000,San Manuel,01,01055,0105535
0105536000,015536000,San Nicolas,01,01055,0105536
0105537000,015537000,San Quintin,01,01055,0105537
0105538000,015538000,Santa Barbara,01,01055,0105538
0105539000,015539000,Santa Maria,01,01055,0105539
0105540000,015540000,Santo Tomas,01,01055,0105540
0105541000,015541000,Sison,01,01055,0105541
0105542000,015542000,Sual,01,01055,0105542
0105543000,015543000,Tayug,01,01055,0105543
0105544000,015544000,Umingan,01,01055,0105544
0105545000,015545000,Urbiztondo,01,01055,0105545
0105546000,015546000,City of Urdaneta,01,01055,0105546
0105547000,015547000,Villasis,01,01055,0105547
0105548000,015548000,Laoac,01,01055,0105548
0200901000,020901000,Basco ,02,02009,0200901
0200902000,020902000,Itbayat,02,02009,0200902
0200903000,020903000,Ivana,02,02009,0200903
0200904000,020904000,Mahatao,02,02009,0200904
0200905000,020905000,Sabtang,02,02009,0200905
0200906000,020906000,Uyugan,02,02009,0200906
0201501000,021501000,Abulug,02,02015,0201501
0201502000,021502000,Alcala,02,02015,0201502
0201503000,021503000,Allacapan,02,02015,0201503
0201504000,021504000,Amulung,02,02015,0201504
0201505000,021505000,Aparri,02,02015,0201505
0201506000,021506000,Baggao,02,02015,0201506
0201507000,021507000,Ballesteros,02,02015,0201507
0201508000,021508000,Buguey,02,02015,0201508
0201509000,021509000,Calayan,02,02015,0201509
0201510000,021510000,Camalaniugan,02,02015,0201510
0201511000,021511000,Claveria,02,02015,0201511
0201512000,021512000,Enrile,02,02015,0201512
0201513000,021513000,Gattaran,02,02015,0201513
0201514000,021514000,Gonzaga,02,02015,0201514
0201515000,021515000,Iguig,02,02015,0201515
0201516000,021516000,Lal-Lo,02,02015,0201516
0201517000,021517000,Lasam,02,02015,0201517
0201518000,021518000,Pamplona,02,02015,0201518
0201519000,021519000,Peñablanca,02,02015,0201519
0201520000,021520000,Piat,02,02015,0201520
0201521000,021521000,Rizal,02,02015,0201521
0201522000,021522000,Sanchez-Mira,02,02015,0201522
0201523000,021523000,Santa Ana,02,02015,0201523
0201524000,021524000,Santa Praxedes,02,02015,0201524
0201525000,021525000,Santa Teresita,02,02015,0201525
0201526000,021526000,Santo Niño,02,02015,0201526
0201527000,021527000,Solana,02,02015,0201527
0201528000,021528000,Tuao,02,02015,0201528
0201529000,021529000,Tuguegarao City ,02,02015,0201529
0203101000,023101000,Alicia,02,02031,0203101
0203102000,023102000,Angadanan,02,02031,0203102
0203103000,023103000,Aurora,02,02031,0203103
0203104000,023104000,Benito Soliven,02,02031,0203104
0203105000,023105000,Burgos,02,02031,0203105
0203106000,023106000,Cabagan,02,02031,0203106
0203107000,023107000,Cabatuan,02,02031,0203107
0203108000,023108000,City of Cauayan,02,02031,0203108
0203109000,023109000,Cordon,02,02031,0203109
0203110000,023110000,Dinapigue,02,02031,0203110
0203111000,023111000,Divilacan,02,02031,0203111
0203112000,023112000,Echague,02,02031,0203112
0203113000,023113000,Gamu,02,02031,0203113
0203114000,023114000,City of Ilagan ,02,02031,0203114
0203115000,023115000,Jones,02,02031,0203115
0203116000,023116000,Luna,02,02031,0203116
0203117000,023117000,Maconacon,02,02031,0203117
0203118000,023118000,Delfin Albano,02,02031,0203118
0203119000,023119000,Mallig,02,02031,0203119
0203120000,023120000,Naguilian,02,02031,0203120
0203121000,023121000,Palanan,02,02031,0203121
0203122000,023122000,Quezon,02,02031,0203122
0203123000,023123000,Quirino,02,02031,0203123
0203124000,023124000,Ramon,02,02031,0203124
0203125000,023125000,Reina Mercedes,02,02031,0203125
0203126000,023126000,Roxas,02,02031,0203126
0203127000,023127000,San Agustin,02,02031,0203127
0203128000,023128000,San Guillermo,02,02031,0203128
0203129000,023129000,San Isidro,02,02031,0203129
0203130000,023130000,San Manuel,02,02031,0203130
0203131000,023131000,San Mariano,02,02031,0203131
0203132000,023132000,San Mateo,02,02031,0203132
0203133000,023133000,San Pablo,02,02031,0203133
0203134000,023134000,Santa Maria,02,02031,0203134
0203135000,023135000,City of Santiago,02,02031,0203135
0203136000,023136000,Santo Tomas,02,02031,0203136
0203137000,023137000,Tumauini,02,02031,0203137
0205001000,025001000,Ambaguio,02,02050,0205001
0205002000,025002000,Aritao,02,02050,0205002
0205003000,025003000,Bagabag,02,02050,0205003
0205004000,025004000,Bambang,02,02050,0205004
0205005000,025005000,Bayombong ,02,02050,0205005
0205006000,025006000,Diadi,02,02050,0205006
0205007000,025007000,Dupax del Norte,02,02050,0205007
0205008000,025008000,Dupax del Sur,02,02050,0205008
0205009000,025009000,Kasibu,02,02050,0205009
0205010000,025010000,Kayapa,02,02050,0205010
0205011000,025011000,Quezon,02,02050,0205011
0205012000,025012000,Santa Fe,02,02050,0205012
0205013000,025013000,Solano,02,02050,0205013
0205014000,025014000,Villaverde,02,02050,0205014
0205015000,025015000,Alfonso Castaneda,02,02050,0205015
0205701000,025701000,Aglipay,02,02057,0205701
0205702000,025702000,Cabarroguis ,02,02057,0205702
0205703000,025703000,Diffun,02,02057,0205703
0205704000,025704000,Maddela,02,02057,0205704
0205705000,025705000,Saguday,02,02057,0205705
0205706000,025706000,Nagtipunan,02,02057,0205706
0300801000,030801000,Abucay,03,03008,0300801
0300802000,030802000,Bagac,03,03008,0300802
0300803000,030803000,City of Balanga ,03,03008,0300803
0300804000,030804000,Dinalupihan,03,03008,0300804
0300805000,030805000,Hermosa,03,03008,0300805
0300806000,030806000,Limay,03,03008,0300806
0300807000,030807000,Mariveles,03,03008,0300807
0300808000,030808000,Morong,03,03008,0300808
0300809000,030809000,Orani,03,03008,0300809
0300810000,030810000,Orion,03,03008,0300810
0300811000,030811000,Pilar,03,03008,0300811
0300812000,030812000,Samal,03,03008,0300812
0301401000,031401000,Angat,03,03014,0301401
0301402000,031402000,Balagtas,03,03014,0301402
0301403000,031403000,City of Baliwag,03,03014,0301403
0301404000,031404000,Bocaue,03,03014,0301404
0301405000,031405000,Bulacan,03,03014,0301405
0301406000,031406000,Bustos,03,03014,0301406
0301407000,031407000,Calumpit,03,03014,0301407
0301408000,031408000,Guiguinto,03,03014,0301408
0301409000,031409000,Hagonoy,03,03014,0301409
0301410000,031410000,City of Malolos ,03,03014,0301410
0301411000,031411000,Marilao,03,03014,0301411
0301412000,031412000,City of Meycauayan,03,03014,0301412
0301413000,031413000,Norzagaray,03,03014,0301413
0301414000,031414000,Obando,03,03014,0301414
0301415000,031415000,Pandi,03,03014,0301415
0301416000,031416000,Paombong,03,03014,0301416
0301417000,031417000,Plaridel,03,03014,0301417
0301418000,031418000,Pulilan,03,03014,0301418
0301419000,031419000,San Ildefonso,03,03014,0301419
0301420000,031420000,City of San Jose Del Monte,03,03014,0301420
0301421000,031421000,San Miguel,03,03014,0301421
0301422000,031422000,San Rafael,03,03014,0301422
0301423000,031423000,Santa Maria,03,03014,0301423
0301424000,031424000,Doña Remedios Trinidad,03,03014,0301424
0304901000,034901000,Aliaga,03,03049,0304901
0304902000,034902000,Bongabon,03,03049,0304902
0304903000,034903000,City of Cabanatuan,03,03049,0304903
0304904000,034904000,Cabiao,03,03049,0304904
0304905000,034905000,Carranglan,03,03049,0304905
0304906000,034906000,Cuyapo,03,03049,0304906
0304907000,034907000,Gabaldon,03,03049,0304907
0304908000,034908000,City of Gapan,03,03049,0304908
0304909000,034909000,General Mamerto Natividad,03,03049,0304909
0304910000,034910000,General Tinio,03,03049,0304910
0304911000,034911000,Guimba,03,03049,0304911
0304912000,034912000,Jaen,03,03049,0304912
0304913000,034913000,Laur,03,03049,0304913
0304914000,034914000,Licab,03,03049,0304914
0304915000,034915000,Llanera,03,03049,0304915
0304916000,034916000,Lupao,03,03049,0304916
0304917000,034917000,Science City of Muñoz,03,03049,0304917
0304918000,034918000,Nampicuan,03,03049,0304918
0304919000,034919000,City of Palayan ,03,03049,0304919
0304920000,034920000,Pantabangan,03,03049,0304920
0304921000,034921000,Peñaranda,03,03049,0304921
0304922000,034922000,Quezon,03,03049,0304922
0304923000,034923000,Rizal,03,03049,0304923
0304924000,034924000,San Antonio,03,03049,0304924
0304925000,034925000,San Isidro,03,03049,0304925
0304926000,034926000,San Jose City,03,03049,0304926
0304927000,034927000,San Leonardo,03,03049,0304927
0304928000,034928000,Santa Rosa,03,03049,0304928
0304929000,034929000,Santo Domingo,03,03049,0304929
0304930000,034930000,Talavera,03,03049,0304930
0304931000,034931000,Talugtug,03,03049,0304931
0304932000,034932000,Zaragoza,03,03049,0304932
0305402000,035402000,Apalit,03,03054,0305402
0305403000,035403000,Arayat,03,03054,0305403
0305404000,035404000,Bacolor,03,03054,0305404
0305405000,035405000,Candaba,03,03054,0305405
0305406000,035406000,Floridablanca,03,03054,0305406
0305407000,035407000,Guagua,03,03054,0305407
0305408000,035408000,Lubao,03,03054,0305408
0305409000,035409000,Mabalacat City,03,03054,0305409
0305410000,035410000,Macabebe,03,03054,0305410
0305411000,035411000,Magalang,03,03054,0305411
0305412000,035412000,Masantol,03,03054,0305412
0305413000,035413000,Mexico,03,03054,0305413
0305414000,035414000,Minalin,03,03054,0305414
0305415000,035415000,Porac,03,03054,0305415
0305416000,035416000,City of San Fernando ,03,03054,0305416
0305417000,035417000,San Luis,03,03054,0305417
0305418000,035418000,San Simon,03,03054,0305418
0305419000,035419000,Santa Ana,03,03054,0305419
0305420000,035420000,Santa Rita,03,03054,0305420
0305421000,035421000,Sto. Tomas,03,03054,0305421
0305422000,035422000,Sasmuan,03,03054,0305422
0306901000,036901000,Anao,03,03069,0306901
0306902000,036902000,Bamban,03,03069,0306902
0306903000,036903000,Camiling,03,03069,0306903
0306904000,036904000,Capas,03,03069,0306904
0306905000,036905000,Concepcion,03,03069,0306905
0306906000,036906000,Gerona,03,03069,0306906
0306907000,036907000,La Paz,03,03069,0306907
0306908000,036908000,Mayantoc,03,03069,0306908
0306909000,036909000,Moncada,03,03069,0306909
0306910000,036910000,Paniqui,03,03069,0306910
0306911000,036911000,Pura,03,03069,0306911
0306912000,036912000,Ramos,03,03069,0306912
0306913000,036913000,San Clemente,03,03069,0306913
0306914000,036914000,San Manuel,03,03069,0306914
0306915000,036915000,Santa Ignacia,03,03069,0306915
0306916000,036916000,City of Tarlac ,03,03069,0306916
0306917000,036917000,Victoria,03,03069,0306917
0306918000,036918000,San Jose,03,03069,0306918
0307101000,037101000,Botolan,03,03071,0307101
0307102000,037102000,Cabangan,03,03071,0307102
0307103000,037103000,Candelaria,03,03071,0307103
0307104000,037104000,Castillejos,03,03071,0307104
0307105000,037105000,Iba ,03,03071,0307105
0307106000,037106000,Masinloc,03,03071,0307106
0307108000,037108000,Palauig,03,03071,0307108
0307109000,037109000,San Antonio,03,03071,0307109
0307110000,037110000,San Felipe,03,03071,0307110
0307111000,037111000,San Marcelino,03,03071,0307111
0307112000,037112000,San Narciso,03,03071,0307112
0307113000,037113000,Santa Cruz,03,03071,0307113
0307114000,037114000,Subic,03,03071,0307114
0307701000,037701000,Baler ,03,03077,0307701
0307702000,037702000,Casiguran,03,03077,0307702
0307703000,037703000,Dilasag,03,03077,0307703
0307704000,037704000,Dinalungan,03,03077,0307704
0307705000,037705000,Dingalan,03,03077,0307705
0307706000,037706000,Dipaculao,03,03077,0307706
0307707000,037707000,Maria Aurora,03,03077,0307707
0307708000,037708000,San Luis,03,03077,0307708
0330100000,035401000,City of Angeles,03,03301,0330100
0331400000,037107000,City of Olongapo,03,03314,0331400
0401001000,041001000,Agoncillo,04,04010,0401001
0401002000,041002000,Alitagtag,04,04010,0401002
0401003000,041003000,Balayan,04,04010,0401003
0401004000,041004000,Balete,04,04010,0401004
0401005000,041005000,Batangas City ,04,04010,0401005
0401006000,041006000,Bauan,04,04010,0401006
0401007000,041007000,City of Calaca,04,04010,0401007
0401008000,041008000,Calatagan,04,04010,0401008
0401009000,041009000,Cuenca,04,04010,0401009
0401010000,041010000,Ibaan,04,04010,0401010
0401011000,041011000,Laurel,04,04010,0401011
0401012000,041012000,Lemery,04,04010,0401012
0401013000,041013000,Lian,04,04010,0401013
0401014000,041014000,City of Lipa,04,04010,0401014
0401015000,041015000,Lobo,04,04010,0401015
0401016000,041016000,Mabini,04,04010,0401016
0401017000,041017000,Malvar,04,04010,0401017
0401018000,041018000,Mataasnakahoy,04,04010,0401018
0401019000,041019000,Nasugbu,04,04010,0401019
0401020000,041020000,Padre Garcia,04,04010,0401020
0401021000,041021000,Rosario,04,04010,0401021
0401022000,041022000,San Jose,04,04010,0401022
0401023000,041023000,San Juan,04,04010,0401023
0401024000,041024000,San Luis,04,04010,0401024
0401025000,041025000,San Nicolas,04,04010,0401025
0401026000,041026000,San Pascual,04,04010,0401026
0401027000,041027000,Santa Teresita,04,04010,0401027
0401028000,041028000,City of Sto. Tomas,04,04010,0401028
0401029000,041029000,Taal,04,04010,0401029
0401030000,041030000,Talisay,04,04010,0401030
0401031000,041031000,City of Tanauan,04,04010,0401031
0401032000,041032000,Taysan,04,04010,0401032
0401033000,041033000,Tingloy,04,04010,0401033
0401034000,041034000,Tuy,04,04010,0401034
0402101000,042101000,Alfonso,04,04021,0402101
0402102000,042102000,Amadeo,04,04021,0402102
0402103000,042103000,City of Bacoor,04,04021,0402103
0402104000,042104000,City of Carmona,04,04021,0402104
0402105000,042105000,City of Cavite,04,04021,0402105
0402106000,042106000,City of Dasmariñas,04,04021,0402106
0402107000,042107000,General Emilio Aguinaldo,04,04021,0402107
0402108000,042108000,City of General Trias,04,04021,0402108
0402109000,042109000,City of Imus,04,04021,0402109
0402110000,042110000,Indang,04,04021,0402110
0402111000,042111000,Kawit,04,04021,0402111
0402112000,042112000,Magallanes,04,04021,0402112
0402113000,042113000,Maragondon,04,04021,0402113
0402114000,042114000,Mendez,04,04021,0402114
0402115000,042115000,Naic,04,04021,0402115
0402116000,042116000,Noveleta,04,04021,0402116
0402117000,042117000,Rosario,04,04021,0402117
0402118000,042118000,Silang,04,04021,0402118
0402119000,042119000,City of Tagaytay,04,04021,0402119
0402120000,042120000,Tanza,04,04021,0402120
0402121000,042121000,Ternate,04,04021,0402121
0402122000,042122000,City of Trece Martires ,04,04021,0402122
0402123000,042123000,Gen. Mariano Alvarez,04,04021,0402123
0403401000,043401000,Alaminos,04,04034,0403401
0403402000,043402000,Bay,04,04034,0403402
0403403000,043403000,City of Biñan,04,04034,0403403
0403404000,043404000,City of Cabuyao,04,04034,0403404
0403405000,043405000,City of Calamba,04,04034,0403405
0403406000,043406000,Calauan,04,04034,0403406
0403407000,043407000,Cavinti,04,04034,0403407
0403408000,043408000,Famy,04,04034,0403408
0403409000,043409000,Kalayaan,04,04034,0403409
0403410000,043410000,Liliw,04,04034,0403410
0403411000,043411000,Los Baños,04,04034,0403411
0403412000,043412000,Luisiana,04,04034,0403412
0403413000,043413000,Lumban,04,04034,0403413
0403414000,043414000,Mabitac,04,04034,0403414
0403415000,043415000,Magdalena,04,04034,0403415
0403416000,043416000,Majayjay,04,04034,0403416
0403417000,043417000,Nagcarlan,04,04034,0403417
0403418000,043418000,Paete,04,04034,0403418
0403419000,043419000,Pagsanjan,04,04034,0403419
0403420000,043420000,Pakil,04,04034,0403420
0403421000,043421000,Pangil,04,04034,0403421
0403422000,043422000,Pila,04,04034,0403422
0403423000,043423000,Rizal,04,04034,0403423
0403424000,043424000,City of San Pablo,04,04034,0403424
0403425000,043425000,City of San Pedro,04,04034,0403425
0403426000,043426000,Santa Cruz ,04,04034,0403426
0403427000,043427000,Santa Maria,04,04034,0403427
0403428000,043428000,City of Santa Rosa,04,04034,0403428
0403429000,043429000,Siniloan,04,04034,0403429
0403430000,043430000,Victoria,04,04034,0403430
0405601000,045601000,Agdangan,04,04056,0405601
0405602000,045602000,Alabat,04,04056,0405602
0405603000,045603000,Atimonan,04,04056,0405603
0405605000,045605000,Buenavista,04,04056,0405605
0405606000,045606000,Burdeos,04,04056,0405606
0405607000,045607000,Calauag,04,04056,0405607
0405608000,045608000,Candelaria,04,04056,0405608
0405610000,045610000,Catanauan,04,04056,0405610
0405615000,045615000,Dolores,04,04056,0405615
0405616000,045616000,General Luna,04,04056,0405616
0405617000,045617000,General Nakar,04,04056,0405617
0405618000,045618000,Guinayangan,04,04056,0405618
0405619000,045619000,Gumaca,04,04056,0405619
0405620000,045620000,Infanta,04,04056,0405620
0405621000,045621000,Jomalig,04,04056,0405621
0405622000,045622000,Lopez,04,04056,0405622
0405623000,045623000,Lucban,04,04056,0405623
0405625000,045625000,Macalelon,04,04056,0405625
0405627000,045627000,Mauban,04,04056,0405627
0405628000,045628000,Mulanay,04,04056,0405628
0405629000,045629000,Padre Burgos,04,04056,0405629
0405630000,045630000,Pagbilao,04,04056,0405630
0405631000,045631000,Panukulan,04,04056,0405631
0405632000,045632000,Patnanungan,04,04056,0405632
0405633000,045633000,Perez,04,04056,0405633
0405634000,045634000,Pitogo,04,04056,0405634
0405635000,045635000,Plaridel,04,04056,0405635
0405636000,045636000,Polillo,04,04056,0405636
0405637000,045637000,Quezon,04,04056,0405637
0405638000,045638000,Real,04,04056,0405638
0405639000,045639000,Sampaloc,04,04056,0405639
0405640000,045640000,San Andres,04,04056,0405640
0405641000,045641000,San Antonio,04,04056,0405641
0405642000,045642000,San Francisco,04,04056,0405642
0405644000,045644000,San Narciso,04,04056,0405644
0405645000,045645000,Sariaya,04,04056,0405645
0405646000,045646000,Tagkawayan,04,04056,0405646
0405647000,045647000,City of Tayabas,04,04056,0405647
0405648000,045648000,Tiaong,04,04056,0405648
0405649000,045649000,Unisan,04,04056,0405649
0405801000,045801000,Angono,04,04058,0405801
0405802000,045802000,City of Antipolo ,04,04058,0405802
0405803000,045803000,Baras,04,04058,0405803
0405804000,045804000,Binangonan,04,04058,0405804
0405805000,045805000,Cainta,04,04058,0405805
0405806000,045806000,Cardona,04,04058,0405806
0405807000,045807000,Jala-Jala,04,04058,0405807
0405808000,045808000,Rodriguez,04,04058,0405808
0405809000,045809000,Morong,04,04058,0405809
0405810000,045810000,Pililla,04,04058,0405810
0405811000,045811000,San Mateo,04,04058,0405811
0405812000,045812000,Tanay,04,04058,0405812
0405813000,045813000,Taytay,04,04058,0405813
0405814000,045814000,Teresa,04,04058,0405814
0431200000,045624000,City of Lucena ,04,04312,0431200
1704001000,174001000,Boac ,17,17040,1704001
1704002000,174002000,Buenavista,17,17040,1704002
1704003000,174003000,Gasan,17,17040,1704003
1704004000,174004000,Mogpog,17,17040,1704004
1704005000,174005000,Santa Cruz,17,17040,1704005
1704006000,174006000,Torrijos,17,17040,1704006
1705101000,175101000,Abra De Ilog,17,17051,1705101
1705102000,175102000,Calintaan,17,17051,1705102
1705103000,175103000,Looc,17,17051,1705103
1705104000,175104000,Lubang,17,17051,1705104
1705105000,175105000,Magsaysay,17,17051,1705105
1705106000,175106000,Mamburao ,17,17051,1705106
1705107000,175107000,Paluan,17,17051,1705107
1705108000,175108000,Rizal,17,17051,1705108
1705109000,175109000,Sablayan,17,17051,1705109
1705110000,175110000,San Jose,17,17051,1705110
1705111000,175111000,Santa Cruz,17,17051,1705111
1705201000,175201000,Baco,17,17052,1705201
1705202000,175202000,Bansud,17,17052,1705202
1705203000,175203000,Bongabong,17,17052,1705203
1705204000,175204000,Bulalacao,17,17052,1705204
1705205000,175205000,City of Calapan ,17,17052,1705205
1705206000,175206000,Gloria,17,17052,1705206
1705207000,175207000,Mansalay,17,17052,1705207
1705208000,175208000,Naujan,17,17052,1705208
1705209000,175209000,Pinamalayan,17,17052,1705209
1705210000,175210000,Pola,17,17052,1705210
1705211000,175211000,Puerto Galera,17,17052,1705211
1705212000,175212000,Roxas,17,17052,1705212
1705213000,175213000,San Teodoro,17,17052,1705213
1705214000,175214000,Socorro,17,17052,1705214
1705215000,175215000,Victoria,17,17052,1705215
1705301000,175301000,Aborlan,17,17053,1705301
1705302000,175302000,Agutaya,17,17053,1705302
1705303000,175303000,Araceli,17,17053,1705303
1705304000,175304000,Balabac,17,17053,1705304
1705305000,175305000,Bataraza,17,17053,1705305
1705306000,175306000,"Brooke's Point",17,17053,1705306
1705307000,175307000,Busuanga,17,17053,1705307
1705308000,175308000,Cagayancillo,17,17053,1705308
1705309000,175309000,Coron,17,17053,1705309
1705310000,175310000,Cuyo,17,17053,1705310
1705311000,175311000,Dumaran,17,17053,1705311
1705312000,175312000,El Nido,17,17053,1705312
1705313000,175313000,Linapacan,17,17053,1705313
1705314000,175314000,Magsaysay,17,17053,1705314
1705315000,175315000,Narra,17,17053,1705315
1705317000,175317000,Quezon,17,17053,1705317
1705318000,175318000,Roxas,17,17053,1705318
1705319000,175319000,San Vicente,17,17053,1705319
1705320000,175320000,Taytay,17,17053,1705320
1705321000,175321000,Kalayaan,17,17053,1705321
1705322000,175322000,Culion,17,17053,1705322
1705323000,175323000,Rizal,17,17053,1705323
1705324000,175324000,Sofronio Española,17,17053,1705324
1705901000,175901000,Alcantara,17,17059,1705901
1705902000,175902000,Banton,17,17059,1705902
1705903000,175903000,Cajidiocan,17,17059,1705903
1705904000,175904000,Calatrava,17,17059,1705904
1705905000,175905000,Concepcion,17,17059,1705905
1705906000,175906000,Corcuera,17,17059,1705906
1705907000,175907000,Looc,17,17059,1705907
1705908000,175908000,Magdiwang,17,17059,1705908
1705909000,175909000,Odiongan,17,17059,1705909
1705910000,175910000,Romblon ,17,17059,1705910
1705911000,175911000,San Agustin,17,17059,1705911
1705912000,175912000,San Andres,17,17059,1705912
1705913000,175913000,San Fernando,17,17059,1705913
1705914000,175914000,San Jose,17,17059,1705914
1705915000,175915000,Santa Fe,17,17059,1705915
1705916000,175916000,Ferrol,17,17059,1705916
1705917000,175917000,Santa Maria,17,17059,1705917
1731500000,175316000,City of Puerto Princesa ,17,17315,1731500
0500501000,050501000,Bacacay,05,05005,0500501
0500502000,050502000,Camalig,05,05005,0500502
0500503000,050503000,Daraga,05,05005,0500503
0500504000,050504000,Guinobatan,05,05005,0500504
0500505000,050505000,Jovellar,05,05005,0500505
0500506000,050506000,City of Legazpi ,05,05005,0500506
0500507000,050507000,Libon,05,05005,0500507
0500508000,050508000,City of Ligao,05,05005,0500508
0500509000,050509000,Malilipot,05,05005,0500509
0500510000,050510000,Malinao,05,05005,0500510
0500511000,050511000,Manito,05,05005,0500511
0500512000,050512000,Oas,05,05005,0500512
0500513000,050513000,Pio Duran,05,05005,0500513
0500514000,050514000,Polangui,05,05005,0500514
0500515000,050515000,Rapu-Rapu,05,05005,0500515
0500516000,050516000,Santo Domingo,05,05005,0500516
0500517000,050517000,City of Tabaco,05,05005,0500517
0500518000,050518000,Tiwi,05,05005,0500518
0501601000,051601000,Basud,05,05016,0501601
0501602000,051602000,Capalonga,05,05016,0501602
0501603000,051603000,Daet ,05,05016,0501603
0501604000,051604000,San Lorenzo Ruiz,05,05016,0501604
0501605000,051605000,Jose Panganiban,05,05016,0501605
0501606000,051606000,Labo,05,05016,0501606
0501607000,051607000,Mercedes,05,05016,0501607
0501608000,051608000,Paracale,05,05016,0501608
0501609000,051609000,San Vicente,05,05016,0501609
0501610000,051610000,Santa Elena,05,05016,0501610
0501611000,051611000,Talisay,05,05016,0501611
0501612000,051612000,Vinzons,05,05016,0501612
0501701000,051701000,Baao,05,05017,0501701
0501702000,051702000,Balatan,05,05017,0501702
0501703000,051703000,Bato,05,05017,0501703
0501704000,051704000,Bombon,05,05017,0501704
0501705000,051705000,Buhi,05,05017,0501705
0501706000,051706000,Bula,05,05017,0501706
0501707000,051707000,Cabusao,05,05017,0501707
0501708000,051708000,Calabanga,05,05017,0501708
0501709000,051709000,Camaligan,05,05017,0501709
0501710000,051710000,Canaman,05,05017,0501710
0501711000,051711000,Caramoan,05,05017,0501711
0501712000,051712000,Del Gallego,05,05017,0501712
0501713000,051713000,Gainza,05,05017,0501713
0501714000,051714000,Garchitorena,05,05017,0501714
0501715000,051715000,Goa,05,05017,0501715
0501716000,051716000,City of Iriga,05,05017,0501716
0501717000,051717000,Lagonoy,05,05017,0501717
0501718000,051718000,Libmanan,05,05017,0501718
0501719000,051719000,Lupi,05,05017,0501719
0501720000,051720000,Magarao,05,05017,0501720
0501721000,051721000,Milaor,05,05017,0501721
0501722000,051722000,Minalabac,05,05017,0501722
0501723000,051723000,Nabua,05,05017,0501723
0501724000,051724000,City of Naga,05,05017,0501724
0501725000,051725000,Ocampo,05,05017,0501725
0501726000,051726000,Pamplona,05,05017,0501726
0501727000,051727000,Pasacao,05,05017,0501727
0501728000,051728000,Pili ,05,05017,0501728
0501729000,051729000,Presentacion,05,05017,0501729
0501730000,051730000,Ragay,05,05017,0501730
0501731000,051731000,Sagñay,05,05017,0501731
0501732000,051732000,San Fernando,05,05017,0501732
0501733000,051733000,San Jose,05,05017,0501733
0501734000,051734000,Sipocot,05,05017,0501734
0501735000,051735000,Siruma,05,05017,0501735
0501736000,051736000,Tigaon,05,05017,0501736
0501737000,051737000,Tinambac,05,05017,0501737
0502001000,052001000,Bagamanoc,05,05020,0502001
0502002000,052002000,Baras,05,05020,0502002
0502003000,052003000,Bato,05,05020,0502003
0502004000,052004000,Caramoran,05,05020,0502004
0502005000,052005000,Gigmoto,05,05020,0502005
0502006000,052006000,Pandan,05,05020,0502006
0502007000,052007000,Panganiban,05,05020,0502007
0502008000,052008000,San Andres,05,05020,0502008
0502009000,052009000,San Miguel,05,05020,0502009
0502010000,052010000,Viga,05,05020,0502010
0502011000,052011000,Virac ,05,05020,0502011
0504101000,054101000,Aroroy,05,05041,0504101
0504102000,054102000,Baleno,05,05041,0504102
0504103000,054103000,Balud,05,05041,0504103
0504104000,054104000,Batuan,05,05041,0504104
0504105000,054105000,Cataingan,05,05041,0504105
0504106000,054106000,Cawayan,05,05041,0504106
0504107000,054107000,Claveria,05,05041,0504107
0504108000,054108000,Dimasalang,05,05041,0504108
0504109000,054109000,Esperanza,05,05041,0504109
0504110000,054110000,Mandaon,05,05041,0504110
0504111000,054111000,City of Masbate ,05,05041,0504111
0504112000,054112000,Milagros,05,05041,0504112
0504113000,054113000,Mobo,05,05041,0504113
0504114000,054114000,Monreal,05,05041,0504114
0504115000,054115000,Palanas,05,05041,0504115
0504116000,054116000,Pio V. Corpus,05,05041,0504116
0504117000,054117000,Placer,05,05041,0504117
0504118000,054118000,San Fernando,05,05041,0504118
0504119000,054119000,San Jacinto,05,05041,0504119
0504120000,054120000,San Pascual,05,05041,0504120
0504121000,054121000,Uson,05,05041,0504121
0506202000,056202000,Barcelona,05,05062,0506202
0506203000,056203000,Bulan,05,05062,0506203
0506204000,056204000,Bulusan,05,05062,0506204
0506205000,056205000,Casiguran,05,05062,0506205
0506206000,056206000,Castilla,05,05062,0506206
0506207000,056207000,Donsol,05,05062,0506207
0506208000,056208000,Gubat,05,05062,0506208
0506209000,056209000,Irosin,05,05062,0506209
0506210000,056210000,Juban,05,05062,0506210
0506211000,056211000,Magallanes,05,05062,0506211
0506212000,056212000,Matnog,05,05062,0506212
0506213000,056213000,Pilar,05,05062,0506213
0506214000,056214000,Prieto Diaz,05,05062,0506214
0506215000,056215000,Santa Magdalena,05,05062,0506215
0506216000,056216000,City of Sorsogon ,05,05062,0506216
0600401000,060401000,Altavas,06,06004,0600401
0600402000,060402000,Balete,06,06004,0600402
0600403000,060403000,Banga,06,06004,0600403
0600404000,060404000,Batan,06,06004,0600404
0600405000,060405000,Buruanga,06,06004,0600405
0600406000,060406000,Ibajay,06,06004,0600406
0600407000,060407000,Kalibo ,06,06004,0600407
0600408000,060408000,Lezo,06,06004,0600408
0600409000,060409000,Libacao,06,06004,0600409
0600410000,060410000,Madalag,06,06004,0600410
0600411000,060411000,Makato,06,06004,0600411
0600412000,060412000,Malay,06,06004,0600412
0600413000,060413000,Malinao,06,06004,0600413
0600414000,060414000,Nabas,06,06004,0600414
0600415000,060415000,New Washington,06,06004,0600415
0600416000,060416000,Numancia,06,06004,0600416
0600417000,060417000,Tangalan,06,06004,0600417
0600601000,060601000,Anini-Y,06,06006,0600601
0600602000,060602000,Barbaza,06,06006,0600602
0600603000,060603000,Belison,06,06006,0600603
0600604000,060604000,Bugasong,06,06006,0600604
0600605000,060605000,Caluya,06,06006,0600605
0600606000,060606000,Culasi,06,06006,0600606
0600607000,060607000,Tobias Fornier,06,06006,0600607
0600608000,060608000,Hamtic,06,06006,0600608
0600609000,060609000,Laua-An,06,06006,0600609
0600610000,060610000,Libertad,06,06006,0600610
0600611000,060611000,Pandan,06,06006,0600611
0600612000,060612000,Patnongon,06,06006,0600612
0600613000,060613000,San Jose ,06,06006,0600613
0600614000,060614000,San Remigio,06,06006,0600614
0600615000,060615000,Sebaste,06,06006,0600615
0600616000,060616000,Sibalom,06,06006,0600616
0600617000,060617000,Tibiao,06,06006,0600617
0600618000,060618000,Valderrama,06,06006,0600618
0601901000,061901000,Cuartero,06,06019,0601901
0601902000,061902000,Dao,06,06019,0601902
0601903000,061903000,Dumalag,06,06019,0601903
0601904000,061904000,Dumarao,06,06019,0601904
0601905000,061905000,Ivisan,06,06019,0601905
0601906000,061906000,Jamindan,06,06019,0601906
0601907000,061907000,Ma-Ayon,06,06019,0601907
0601908000,061908000,Mambusao,06,06019,0601908
0601909000,061909000,Panay,06,06019,0601909
0601910000,061910000,Panitan,06,06019,0601910
0601911000,061911000,Pilar,06,06019,0601911
0601912000,061912000,Pontevedra,06,06019,0601912
0601913000,061913000,President Roxas,06,06019,0601913
0601914000,061914000,City of Roxas ,06,06019,0601914
0601915000,061915000,Sapi-An,06,06019,0601915
0601916000,061916000,Sigma,06,06019,0601916
0601917000,061917000,Tapaz,06,06019,0601917
0603001000,063001000,Ajuy,06,06030,0603001
0603002000,063002000,Alimodian,06,06030,0603002
0603003000,063003000,Anilao,06,06030,0603003
0603004000,063004000,Badiangan,06,06030,0603004
0603005000,063005000,Balasan,06,06030,0603005
0603006000,063006000,Banate,06,06030,0603006
0603007000,063007000,Barotac Nuevo,06,06030,0603007
0603008000,063008000,Barotac Viejo,06,06030,0603008
0603009000,063009000,Batad,06,06030,0603009
0603010000,063010000,Bingawan,06,06030,0603010
0603012000,063012000,Cabatuan,06,06030,0603012
0603013000,063013000,Calinog,06,06030,0603013
0603014000,063014000,Carles,06,06030,0603014
0603015000,063015000,Concepcion,06,06030,0603015
0603016000,063016000,Dingle,06,06030,0603016
0603017000,063017000,Dueñas,06,06030,0603017
0603018000,063018000,Dumangas,06,06030,0603018
0603019000,063019000,Estancia,06,06030,0603019
0603020000,063020000,Guimbal,06,06030,0603020
0603021000,063021000,Igbaras,06,06030,0603021
0603023000,063023000,Janiuay,06,06030,0603023
0603025000,063025000,Lambunao,06,06030,0603025
0603026000,063026000,Leganes,06,06030,0603026
0603027000,063027000,Lemery,06,06030,0603027
0603028000,063028000,Leon,06,06030,0603028
0603029000,063029000,Maasin,06,06030,0603029
0603030000,063030000,Miagao,06,06030,0603030
0603031000,063031000,Mina,06,06030,0603031
0603032000,063032000,New Lucena,06,06030,0603032
0603034000,063034000,Oton,06,06030,0603034
0603035000,063035000,City of Passi,06,06030,0603035
0603036000,063036000,Pavia,06,06030,0603036
0603037000,063037000,Pototan,06,06030,0603037
0603038000,063038000,San Dionisio,06,06030,0603038
0603039000,063039000,San Enrique,06,06030,0603039
0603040000,063040000,San Joaquin,06,06030,0603040
0603041000,063041000,San Miguel,06,06030,0603041
0603042000,063042000,San Rafael,06,06030,0603042
0603043000,063043000,Santa Barbara,06,06030,0603043
0603044000,063044000,Sara,06,06030,0603044
0603045000,063045000,Tigbauan,06,06030,0603045
0603046000,063046000,Tubungan,06,06030,0603046
0603047000,063047000,Zarraga,06,06030,0603047
0607901000,067901000,Buenavista,06,06079,0607901
0607902000,067902000,Jordan ,06,06079,0607902
0607903000,067903000,Nueva Valencia,06,06079,0607903
0607904000,067904000,San Lorenzo,06,06079,0607904
0607905000,067905000,Sibunag,06,06079,0607905
0631000000,063022000,City of Iloilo ,06,06310,0631000
1804502000,064502000,City of Bago,18,18045,1804502
1804503000,064503000,Binalbagan,18,18045,1804503
1804504000,064504000,City of Cadiz,18,18045,1804504
1804505000,064505000,Calatrava,18,18045,1804505
1804506000,064506000,Candoni,18,18045,1804506
1804507000,064507000,Cauayan,18,18045,1804507
1804508000,064508000,Enrique B. Magalona,18,18045,1804508
1804509000,064509000,City of Escalante,18,18045,1804509
1804510000,064510000,City of Himamaylan,18,18045,1804510
1804511000,064511000,Hinigaran,18,18045,1804511
1804512000,064512000,Hinoba-an,18,18045,1804512
1804513000,064513000,Ilog,18,18045,1804513
1804514000,064514000,Isabela,18,18045,1804514
1804515000,064515000,City of Kabankalan,18,18045,1804515
1804516000,064516000,City of La Carlota,18,18045,1804516
1804517000,064517000,La Castellana,18,18045,1804517
1804518000,064518000,Manapla,18,18045,1804518
1804519000,064519000,Moises Padilla,18,18045,1804519
1804520000,064520000,Murcia,18,18045,1804520
1804521000,064521000,Pontevedra,18,18045,1804521
1804522000,064522000,Pulupandan,18,18045,1804522
1804523000,064523000,City of Sagay,18,18045,1804523
1804524000,064524000,City of San Carlos,18,18045,1804524
1804525000,064525000,San Enrique,18,18045,1804525
1804526000,064526000,City of Silay,18,18045,1804526
1804527000,064527000,City of Sipalay,18,18045,1804527
1804528000,064528000,City of Talisay,18,18045,1804528
1804529000,064529000,Toboso,18,18045,1804529
1804530000,064530000,Valladolid,18,18045,1804530
1804531000,064531000,City of Victorias,18,18045,1804531
1804532000,064532000,Salvador Benedicto,18,18045,1804532
1804601000,074601000,Amlan,18,18046,1804601
1804602000,074602000,Ayungon,18,18046,1804602
1804603000,074603000,Bacong,18,18046,1804603
1804604000,074604000,City of Bais,18,18046,1804604
1804605000,074605000,Basay,18,18046,1804605
1804606000,074606000,City of Bayawan,18,18046,1804606
1804607000,074607000,Bindoy,18,18046,1804607
1804608000,074608000,City of Canlaon,18,18046,1804608
1804609000,074609000,Dauin,18,18046,1804609
1804610000,074610000,City of Dumaguete ,18,18046,1804610
1804611000,074611000,City of Guihulngan,18,18046,1804611
1804612000,074612000,Jimalalud,18,18046,1804612
1804613000,074613000,La Libertad,18,18046,1804613
1804614000,074614000,Mabinay,18,18046,1804614
1804615000,074615000,Manjuyod,18,18046,1804615
1804616000,074616000,Pamplona,18,18046,1804616
1804617000,074617000,San Jose,18,18046,1804617
1804618000,074618000,Santa Catalina,18,18046,1804618
1804619000,074619000,Siaton,18,18046,1804619
1804620000,074620000,Sibulan,18,18046,1804620
1804621000,074621000,City of Tanjay,18,18046,1804621
1804622000,074622000,Tayasan,18,18046,1804622
1804623000,074623000,Valencia,18,18046,1804623
1804624000,074624000,Vallehermoso,18,18046,1804624
1804625000,074625000,Zamboanguita,18,18046,1804625
1806101000,076101000,Enrique Villanueva,18,18061,1806101
1806102000,076102000,Larena,18,18061,1806102
1806103000,076103000,Lazi,18,18061,1806103
1806104000,076104000,Maria,18,18061,1806104
1806105000,076105000,San Juan,18,18061,1806105
1806106000,076106000,Siquijor ,18,18061,1806106
1830200000,064501000,City of Bacolod ,18,18302,1830200
0701201000,071201000,Alburquerque,07,07012,0701201
0701202000,071202000,Alicia,07,07012,0701202
0701203000,071203000,Anda,07,07012,0701203
0701204000,071204000,Antequera,07,07012,0701204
0701205000,071205000,Baclayon,07,07012,0701205
0701206000,071206000,Balilihan,07,07012,0701206
0701207000,071207000,Batuan,07,07012,0701207
0701208000,071208000,Bilar,07,07012,0701208
0701209000,071209000,Buenavista,07,07012,0701209
0701210000,071210000,Calape,07,07012,0701210
0701211000,071211000,Candijay,07,07012,0701211
0701212000,071212000,Carmen,07,07012,0701212
0701213000,071213000,Catigbian,07,07012,0701213
0701214000,071214000,Clarin,07,07012,0701214
0701215000,071215000,Corella,07,07012,0701215
0701216000,071216000,Cortes,07,07012,0701216
0701217000,071217000,Dagohoy,07,07012,0701217
0701218000,071218000,Danao,07,07012,0701218
0701219000,071219000,Dauis,07,07012,0701219
0701220000,071220000,Dimiao,07,07012,0701220
0701221000,071221000,Duero,07,07012,0701221
0701222000,071222000,Garcia Hernandez,07,07012,0701222
0701223000,071223000,Guindulman,07,07012,0701223
0701224000,071224000,Inabanga,07,07012,0701224
0701225000,071225000,Jagna,07,07012,0701225
0701226000,071226000,Getafe,07,07012,0701226
0701227000,071227000,Lila,07,07012,0701227
0701228000,071228000,Loay,07,07012,0701228
0701229000,071229000,Loboc,07,07012,0701229
0701230000,071230000,Loon,07,07012,0701230
0701231000,071231000,Mabini,07,07012,0701231
0701232000,071232000,Maribojoc,07,07012,0701232
0701233000,071233000,Panglao,07,07012,0701233
0701234000,071234000,Pilar,07,07012,0701234
0701235000,071235000,President Carlos P. Garcia,07,07012,0701235
0701236000,071236000,Sagbayan,07,07012,0701236
0701237000,071237000,San Isidro,07,07012,0701237
0701238000,071238000,San Miguel,07,07012,0701238
0701239000,071239000,Sevilla,07,07012,0701239
0701240000,071240000,Sierra Bullones,07,07012,0701240
0701241000,071241000,Sikatuna,07,07012,0701241
0701242000,071242000,City of Tagbilaran ,07,07012,0701242
0701243000,071243000,Talibon,07,07012,0701243
0701244000,071244000,Trinidad,07,07012,0701244
0701245000,071245000,Tubigon,07,07012,0701245
0701246000,071246000,Ubay,07,07012,0701246
0701247000,071247000,Valencia,07,07012,0701247
0701248000,071248000,Bien Unido,07,07012,0701248
0702201000,072201000,Alcantara,07,07022,0702201
0702202000,072202000,Alcoy,07,07022,0702202
0702203000,072203000,Alegria,07,07022,0702203
0702204000,072204000,Aloguinsan,07,07022,0702204
0702205000,072205000,Argao,07,07022,0702205
0702206000,072206000,Asturias,07,07022,0702206
0702207000,072207000,Badian,07,07022,0702207
0702208000,072208000,Balamban,07,07022,0702208
0702209000,072209000,Bantayan,07,07022,0702209
0702210000,072210000,Barili,07,07022,0702210
0702211000,072211000,City of Bogo,07,07022,0702211
0702212000,072212000,Boljoon,07,07022,0702212
0702213000,072213000,Borbon,07,07022,0702213
0702214000,072214000,City of Carcar,07,07022,0702214
0702215000,072215000,Carmen,07,07022,0702215
0702216000,072216000,Catmon,07,07022,0702216
0702218000,072218000,Compostela,07,07022,0702218
0702219000,072219000,Consolacion,07,07022,0702219
0702220000,072220000,Cordova,07,07022,0702220
0702221000,072221000,Daanbantayan,07,07022,0702221
0702222000,072222000,Dalaguete,07,07022,0702222
0702223000,072223000,Danao City,07,07022,0702223
0702224000,072224000,Dumanjug,07,07022,0702224
0702225000,072225000,Ginatilan,07,07022,0702225
0702227000,072227000,Liloan,07,07022,0702227
0702228000,072228000,Madridejos,07,07022,0702228
0702229000,072229000,Malabuyoc,07,07022,0702229
0702231000,072231000,Medellin,07,07022,0702231
0702232000,072232000,Minglanilla,07,07022,0702232
0702233000,072233000,Moalboal,07,07022,0702233
0702234000,072234000,City of Naga,07,07022,0702234
0702235000,072235000,Oslob,07,07022,0702235
0702236000,072236000,Pilar,07,07022,0702236
0702237000,072237000,Pinamungajan,07,07022,0702237
0702238000,072238000,Poro,07,07022,0702238
0702239000,072239000,Ronda,07,07022,0702239
0702240000,072240000,Samboan,07,07022,0702240
0702241000,072241000,San Fernando,07,07022,0702241
0702242000,072242000,San Francisco,07,07022,0702242
0702243000,072243000,San Remigio,07,07022,0702243
0702244000,072244000,Santa Fe,07,07022,0702244
0702245000,072245000,Santander,07,07022,0702245
0702246000,072246000,Sibonga,07,07022,0702246
0702247000,072247000,Sogod,07,07022,0702247
0702248000,072248000,Tabogon,07,07022,0702248
0702249000,072249000,Tabuelan,07,07022,0702249
0702250000,072250000,City of Talisay,07,07022,0702250
0702251000,072251000,City of Toledo,07,07022,0702251
0702252000,072252000,Tuburan,07,07022,0702252
0702253000,072253000,Tudela,07,07022,0702253
0730600000,072217000,City of Cebu ,07,07306,0730600
0731100000,072226000,City of Lapu-Lapu,07,07311,0731100
0731300000,072230000,City of Mandaue,07,07313,0731300
0802601000,082601000,Arteche,08,08026,0802601
0802602000,082602000,Balangiga,08,08026,0802602
0802603000,082603000,Balangkayan,08,08026,0802603
0802604000,082604000,City of Borongan ,08,08026,0802604
0802605000,082605000,Can-Avid,08,08026,0802605
0802606000,082606000,Dolores,08,08026,0802606
0802607000,082607000,General Macarthur,08,08026,0802607
0802608000,082608000,Giporlos,08,08026,0802608
0802609000,082609000,Guiuan,08,08026,0802609
0802610000,082610000,Hernani,08,08026,0802610
0802611000,082611000,Jipapad,08,08026,0802611
0802612000,082612000,Lawaan,08,08026,0802612
0802613000,082613000,Llorente,08,08026,0802613
0802614000,082614000,Maslog,08,08026,0802614
0802615000,082615000,Maydolong,08,08026,0802615
0802616000,082616000,Mercedes,08,08026,0802616
0802617000,082617000,Oras,08,08026,0802617
0802618000,082618000,Quinapondan,08,08026,0802618
0802619000,082619000,Salcedo,08,08026,0802619
0802620000,082620000,San Julian,08,08026,0802620
0802621000,082621000,San Policarpo,08,08026,0802621
0802622000,082622000,Sulat,08,08026,0802622
0802623000,082623000,Taft,08,08026,0802623
0803701000,083701000,Abuyog,08,08037,0803701
0803702000,083702000,Alangalang,08,08037,0803702
0803703000,083703000,Albuera,08,08037,0803703
0803705000,083705000,Babatngon,08,08037,0803705
0803706000,083706000,Barugo,08,08037,0803706
0803707000,083707000,Bato,08,08037,0803707
0803708000,083708000,City of Baybay,08,08037,0803708
0803710000,083710000,Burauen,08,08037,0803710
0803713000,083713000,Calubian,08,08037,0803713
0803714000,083714000,Capoocan,08,08037,0803714
0803715000,083715000,Carigara,08,08037,0803715
0803717000,083717000,Dagami,08,08037,0803717
0803718000,083718000,Dulag,08,08037,0803718
0803719000,083719000,Hilongos,08,08037,0803719
0803720000,083720000,Hindang,08,08037,0803720
0803721000,083721000,Inopacan,08,08037,0803721
0803722000,083722000,Isabel,08,08037,0803722
0803723000,083723000,Jaro,08,08037,0803723
0803724000,083724000,Javier,08,08037,0803724
0803725000,083725000,Julita,08,08037,0803725
0803726000,083726000,Kananga,08,08037,0803726
0803728000,083728000,La Paz,08,08037,0803728
0803729000,083729000,Leyte,08,08037,0803729
0803730000,083730000,Macarthur,08,08037,0803730
0803731000,083731000,Mahaplag,08,08037,0803731
0803733000,083733000,Matag-Ob,08,08037,0803733
0803734000,083734000,Matalom,08,08037,0803734
0803735000,083735000,Mayorga,08,08037,0803735
0803736000,083736000,Merida,08,08037,0803736
0803738000,083738000,Ormoc City,08,08037,0803738
0803739000,083739000,Palo,08,08037,0803739
0803740000,083740000,Palompon,08,08037,0803740
0803741000,083741000,Pastrana,08,08037,0803741
0803742000,083742000,San Isidro,08,08037,0803742
0803743000,083743000,San Miguel,08,08037,0803743
0803744000,083744000,Santa Fe,08,08037,0803744
0803745000,083745000,Tabango,08,08037,0803745
0803746000,083746000,Tabontabon,08,08037,0803746
0803748000,083748000,Tanauan,08,08037,0803748
0803749000,083749000,Tolosa,08,08037,0803749
0803750000,083750000,Tunga,08,08037,0803750
0803751000,083751000,Villaba,08,08037,0803751
0804801000,084801000,Allen,08,08048,0804801
0804802000,084802000,Biri,08,08048,0804802
0804803000,084803000,Bobon,08,08048,0804803
0804804000,084804000,Capul,08,08048,0804804
0804805000,084805000,Catarman ,08,08048,0804805
0804806000,084806000,Catubig,08,08048,0804806
0804807000,084807000,Gamay,08,08048,0804807
0804808000,084808000,Laoang,08,08048,0804808
0804809000,084809000,Lapinig,08,08048,0804809
0804810000,084810000,Las Navas,08,08048,0804810
0804811000,084811000,Lavezares,08,08048,0804811
0804812000,084812000,Mapanas,08,08048,0804812
0804813000,084813000,Mondragon,08,08048,0804813
0804814000,084814000,Palapag,08,08048,0804814
0804815000,084815000,Pambujan,08,08048,0804815
0804816000,084816000,Rosario,08,08048,0804816
0804817000,084817000,San Antonio,08,08048,0804817
0804818000,084818000,San Isidro,08,08048,0804818
0804819000,084819000,San Jose,08,08048,0804819
0804820000,084820000,San Roque,08,08048,0804820
0804821000,084821000,San Vicente,08,08048,0804821
0804822000,084822000,Silvino Lobos,08,08048,0804822
0804823000,084823000,Victoria,08,08048,0804823
0804824000,084824000,Lope De Vega,08,08048,0804824
0806001000,086001000,Almagro,08,08060,0806001
0806002000,086002000,Basey,08,08060,0806002
0806003000,086003000,City of Calbayog,08,08060,0806003
0806004000,086004000,Calbiga,08,08060,0806004
0806005000,086005000,City of Catbalogan ,08,08060,0806005
0806006000,086006000,Daram,08,08060,0806006
0806007000,086007000,Gandara,08,08060,0806007
0806008000,086008000,Hinabangan,08,08060,0806008
0806009000,086009000,Jiabong,08,08060,0806009
0806010000,086010000,Marabut,08,08060,0806010
0806011000,086011000,Matuguinao,08,08060,0806011
0806012000,086012000,Motiong,08,08060,0806012
0806013000,086013000,Pinabacdao,08,08060,0806013
0806014000,086014000,San Jose De Buan,08,08060,0806014
0806015000,086015000,San Sebastian,08,08060,0806015
0806016000,086016000,Santa Margarita,08,08060,0806016
0806017000,086017000,Santa Rita,08,08060,0806017
0806018000,086018000,Santo Niño,08,08060,0806018
0806019000,086019000,Talalora,08,08060,0806019
0806020000,086020000,Tarangnan,08,08060,0806020
0806021000,086021000,Villareal,08,08060,0806021
0806022000,086022000,Paranas,08,08060,0806022
0806023000,086023000,Zumarraga,08,08060,0806023
0806024000,086024000,Tagapul-An,08,08060,0806024
0806025000,086025000,San Jorge,08,08060,0806025
0806026000,086026000,Pagsanghan,08,08060,0806026
0806401000,086401000,Anahawan,08,08064,0806401
0806402000,086402000,Bontoc,08,08064,0806402
0806403000,086403000,Hinunangan,08,08064,0806403
0806404000,086404000,Hinundayan,08,08064,0806404
0806405000,086405000,Libagon,08,08064,0806405
0806406000,086406000,Liloan,08,08064,0806406
0806407000,086407000,City of Maasin ,08,08064,0806407
0806408000,086408000,Macrohon,08,08064,0806408
0806409000,086409000,Malitbog,08,08064,0806409
0806410000,086410000,Padre Burgos,08,08064,0806410
0806411000,086411000,Pintuyan,08,08064,0806411
0806412000,086412000,Saint Bernard,08,08064,0806412
0806413000,086413000,San Francisco,08,08064,0806413
0806414000,086414000,San Juan,08,08064,0806414
0806415000,086415000,San Ricardo,08,08064,0806415
0806416000,086416000,Silago,08,08064,0806416
0806417000,086417000,Sogod,08,08064,0806417
0806418000,086418000,Tomas Oppus,08,08064,0806418
0806419000,086419000,Limasawa,08,08064,0806419
0807801000,087801000,Almeria,08,08078,0807801
0807802000,087802000,Biliran,08,08078,0807802
0807803000,087803000,Cabucgayan,08,08078,0807803
0807804000,087804000,Caibiran,08,08078,0807804
0807805000,087805000,Culaba,08,08078,0807805
0807806000,087806000,Kawayan,08,08078,0807806
0807807000,087807000,Maripipi,08,08078,0807807
0807808000,087808000,Naval ,08,08078,0807808
0831600000,083747000,City of Tacloban ,08,08316,0831600
0907201000,097201000,City of Dapitan,09,09072,0907201
0907202000,097202000,City of Dipolog ,09,09072,0907202
0907203000,097203000,Katipunan,09,09072,0907203
0907204000,097204000,La Libertad,09,09072,0907204
0907205000,097205000,Labason,09,09072,0907205
0907206000,097206000,Liloy,09,09072,0907206
0907207000,097207000,Manukan,09,09072,0907207
0907208000,097208000,Mutia,09,09072,0907208
0907209000,097209000,Piñan,09,09072,0907209
0907210000,097210000,Polanco,09,09072,0907210
0907211000,097211000,Pres. Manuel A. Roxas,09,09072,0907211
0907212000,097212000,Rizal,09,09072,0907212
0907213000,097213000,Salug,09,09072,0907213
0907214000,097214000,Sergio Osmeña Sr.,09,09072,0907214
0907215000,097215000,Siayan,09,09072,0907215
0907216000,097216000,Sibuco,09,09072,0907216
0907217000,097217000,Sibutad,09,09072,0907217
0907218000,097218000,Sindangan,09,09072,0907218
0907219000,097219000,Siocon,09,09072,0907219
0907220000,097220000,Sirawai,09,09072,0907220
0907221000,097221000,Tampilisan,09,09072,0907221
0907222000,097222000,Jose Dalman,09,09072,0907222
0907223000,097223000,Gutalac,09,09072,0907223
0907224000,097224000,Baliguian,09,09072,0907224
0907225000,097225000,Godod,09,09072,0907225
0907226000,097226000,Leon T. Postigo,09,09072,0907226
0907227000,097227000,Kalawit,09,09072,0907227
0907302000,097302000,Aurora,09,09073,0907302
0907303000,097303000,Bayog,09,09073,0907303
0907305000,097305000,Dimataling,09,09073,0907305
0907306000,097306000,Dinas,09,09073,0907306
0907307000,097307000,Dumalinao,09,09073,0907307
0907308000,097308000,Dumingag,09,09073,0907308
0907311000,097311000,Kumalarang,09,09073,0907311
0907312000,097312000,Labangan,09,09073,0907312
0907313000,097313000,Lapuyan,09,09073,0907313
0907315000,097315000,Mahayag,09,09073,0907315
0907317000,097317000,Margosatubig,09,09073,0907317
0907318000,097318000,Midsalip,09,09073,0907318
0907319000,097319000,Molave,09,09073,0907319
0907322000,097322000,City of Pagadian ,09,09073,0907322
0907323000,097323000,Ramon Magsaysay,09,09073,0907323
0907324000,097324000,San Miguel,09,09073,0907324
0907325000,097325000,San Pablo,09,09073,0907325
0907327000,097327000,Tabina,09,09073,0907327
0907328000,097328000,Tambulig,09,09073,0907328
0907330000,097330000,Tukuran,09,09073,0907330
0907333000,097333000,Lakewood,09,09073,0907333
0907337000,097337000,Josefina,09,09073,0907337
0907338000,097338000,Pitogo,09,09073,0907338
0907340000,097340000,Sominot,09,09073,0907340
0907341000,097341000,Vincenzo A. Sagun,09,09073,0907341
0907343000,097343000,Guipos,09,09073,0907343
0907344000,097344000,Tigbao,09,09073,0907344
0908301000,098301000,Alicia,09,09083,0908301
0908302000,098302000,Buug,09,09083,0908302
0908303000,098303000,Diplahan,09,09083,0908303
0908304000,098304000,Imelda,09,09083,0908304
0908305000,098305000,Ipil ,09,09083,0908305
0908306000,098306000,Kabasalan,09,09083,0908306
0908307000,098307000,Mabuhay,09,09083,0908307
0908308000,098308000,Malangas,09,09083,0908308
0908309000,098309000,Naga,09,09083,0908309
0908310000,098310000,Olutanga,09,09083,0908310
0908311000,098311000,Payao,09,09083,0908311
0908312000,098312000,Roseller Lim,09,09083,0908312
0908313000,098313000,Siay,09,09083,0908313
0908314000,098314000,Talusan,09,09083,0908314
0908315000,098315000,Titay,09,09083,0908315
0908316000,098316000,Tungawan,09,09083,0908316
0990101000,099701000,City of Isabela,09,09901,0990101
0931700000,097332000,City of Zamboanga,09,09317,0931700
1001301000,101301000,Baungon,10,10013,1001301
1001302000,101302000,Damulog,10,10013,1001302
1001303000,101303000,Dangcagan,10,10013,1001303
1001304000,101304000,Don Carlos,10,10013,1001304
1001305000,101305000,Impasug-ong,10,10013,1001305
1001306000,101306000,Kadingilan,10,10013,1001306
1001307000,101307000,Kalilangan,10,10013,1001307
1001308000,101308000,Kibawe,10,10013,1001308
1001309000,101309000,Kitaotao,10,10013,1001309
1001310000,101310000,Lantapan,10,10013,1001310
1001311000,101311000,Libona,10,10013,1001311
1001312000,101312000,City of Malaybalay ,10,10013,1001312
1001313000,101313000,Malitbog,10,10013,1001313
1001314000,101314000,Manolo Fortich,10,10013,1001314
1001315000,101315000,Maramag,10,10013,1001315
1001316000,101316000,Pangantucan,10,10013,1001316
1001317000,101317000,Quezon,10,10013,1001317
1001318000,101318000,San Fernando,10,10013,1001318
1001319000,101319000,Sumilao,10,10013,1001319
1001320000,101320000,Talakag,10,10013,1001320
1001321000,101321000,City of Valencia,10,10013,1001321
1001322000,101322000,Cabanglasan,10,10013,1001322
1001801000,101801000,Catarman,10,10018,1001801
1001802000,101802000,Guinsiliban,10,10018,1001802
1001803000,101803000,Mahinog,10,10018,1001803
1001804000,101804000,Mambajao ,10,10018,1001804
1001805000,101805000,Sagay,10,10018,1001805
1003501000,103501000,Bacolod,10,10035,1003501
1003502000,103502000,Baloi,10,10035,1003502
1003503000,103503000,Baroy,10,10035,1003503
1003505000,103505000,Kapatagan,10,10035,1003505
1003506000,103506000,Sultan Naga Dimaporo,10,10035,1003506
1003507000,103507000,Kauswagan,10,10035,1003507
1003508000,103508000,Kolambugan,10,10035,1003508
1003509000,103509000,Lala,10,10035,1003509
1003510000,103510000,Linamon,10,10035,1003510
1003511000,103511000,Magsaysay,10,10035,1003511
1003512000,103512000,Maigo,10,10035,1003512
1003513000,103513000,Matungao,10,10035,1003513
1003514000,103514000,Munai,10,10035,1003514
1003515000,103515000,Nunungan,10,10035,1003515
1003516000,103516000,Pantao Ragat,10,10035,1003516
1003517000,103517000,Poona Piagapo,10,10035,1003517
1003518000,103518000,Salvador,10,10035,1003518
1003519000,103519000,Sapad,10,10035,1003519
1003520000,103520000,Tagoloan,10,10035,1003520
1003521000,103521000,Tangcal,10,10035,1003521
1003522000,103522000,Tubod ,10,10035,1003522
1003523000,103523000,Pantar,10,10035,1003523
1004201000,104201000,Aloran,10,10042,1004201
1004202000,104202000,Baliangao,10,10042,1004202
1004203000,104203000,Bonifacio,10,10042,1004203
1004204000,104204000,Calamba,10,10042,1004204
1004205000,104205000,Clarin,10,10042,1004205
1004206000,104206000,Concepcion,10,10042,1004206
1004207000,104207000,Jimenez,10,10042,1004207
1004208000,104208000,Lopez Jaena,10,10042,1004208
1004209000,104209000,City of Oroquieta ,10,10042,1004209
1004210000,104210000,City of Ozamiz,10,10042,1004210
1004211000,104211000,Panaon,10,10042,1004211
1004212000,104212000,Plaridel,10,10042,1004212
1004213000,104213000,Sapang Dalaga,10,10042,1004213
1004214000,104214000,Sinacaban,10,10042,1004214
1004215000,104215000,City of Tangub,10,10042,1004215
1004216000,104216000,Tudela,10,10042,1004216
1004217000,104217000,Don Victoriano Chiongbian,10,10042,1004217
1004301000,104301000,Alubijid,10,10043,1004301
1004302000,104302000,Balingasag,10,10043,1004302
1004303000,104303000,Balingoan,10,10043,1004303
1004304000,104304000,Binuangan,10,10043,1004304
1004306000,104306000,Claveria,10,10043,1004306
1004307000,104307000,City of El Salvador,10,10043,1004307
1004308000,104308000,City of Gingoog,10,10043,1004308
1004309000,104309000,Gitagum,10,10043,1004309
1004310000,104310000,Initao,10,10043,1004310
1004311000,104311000,Jasaan,10,10043,1004311
1004312000,104312000,Kinoguitan,10,10043,1004312
1004313000,104313000,Lagonglong,10,10043,1004313
1004314000,104314000,Laguindingan,10,10043,1004314
1004315000,104315000,Libertad,10,10043,1004315
1004316000,104316000,Lugait,10,10043,1004316
1004317000,104317000,Magsaysay,10,10043,1004317
1004318000,104318000,Manticao,10,10043,1004318
1004319000,104319000,Medina,10,10043,1004319
1004320000,104320000,Naawan,10,10043,1004320
1004321000,104321000,Opol,10,10043,1004321
1004322000,104322000,Salay,10,10043,1004322
1004323000,104323000,Sugbongcogon,10,10043,1004323
1004324000,104324000,Tagoloan,10,10043,1004324
1004325000,104325000,Talisayan,10,10043,1004325
1004326000,104326000,Villanueva,10,10043,1004326
1030500000,104305000,City of Cagayan De Oro ,10,10305,1030500
1030900000,103504000,City of Iligan,10,10309,1030900
1102301000,112301000,Asuncion,11,11023,1102301
1102303000,112303000,Carmen,11,11023,1102303
1102305000,112305000,Kapalong,11,11023,1102305
1102314000,112314000,New Corella,11,11023,1102314
1102315000,112315000,City of Panabo,11,11023,1102315
1102317000,112317000,Island Garden City of Samal,11,11023,1102317
1102318000,112318000,Santo Tomas,11,11023,1102318
1102319000,112319000,City of Tagum ,11,11023,1102319
1102322000,112322000,Talaingod,11,11023,1102322
1102323000,112323000,Braulio E. Dujali,11,11023,1102323
1102324000,112324000,San Isidro,11,11023,1102324
1102401000,112401000,Bansalan,11,11024,1102401
1102403000,112403000,City of Digos ,11,11024,1102403
1102404000,112404000,Hagonoy,11,11024,1102404
1102406000,112406000,Kiblawan,11,11024,1102406
1102407000,112407000,Magsaysay,11,11024,1102407
1102408000,112408000,Malalag,11,11024,1102408
1102410000,112410000,Matanao,11,11024,1102410
1102411000,112411000,Padada,11,11024,1102411
1102412000,112412000,Santa Cruz,11,11024,1102412
1102414000,112414000,Sulop,11,11024,1102414
1102501000,112501000,Baganga,11,11025,1102501
1102502000,112502000,Banaybanay,11,11025,1102502
1102503000,112503000,Boston,11,11025,1102503
1102504000,112504000,Caraga,11,11025,1102504
1102505000,112505000,Cateel,11,11025,1102505
1102506000,112506000,Governor Generoso,11,11025,1102506
1102507000,112507000,Lupon,11,11025,1102507
1102508000,112508000,Manay,11,11025,1102508
1102509000,112509000,City of Mati ,11,11025,1102509
1102510000,112510000,San Isidro,11,11025,1102510
1102511000,112511000,Tarragona,11,11025,1102511
1108201000,118201000,Compostela,11,11082,1108201
1108202000,118202000,Laak,11,11082,1108202
1108203000,118203000,Mabini,11,11082,1108203
1108204000,118204000,Maco,11,11082,1108204
1108205000,118205000,Maragusan,11,11082,1108205
1108206000,118206000,Mawab,11,11082,1108206
1108207000,118207000,Monkayo,11,11082,1108207
1108208000,118208000,Montevista,11,11082,1108208
1108209000,118209000,Nabunturan ,11,11082,1108209
1108210000,118210000,New Bataan,11,11082,1108210
1108211000,118211000,Pantukan,11,11082,1108211
1108601000,118601000,Don Marcelino,11,11086,1108601
1108602000,118602000,Jose Abad Santos,11,11086,1108602
1108603000,118603000,Malita ,11,11086,1108603
1108604000,118604000,Santa Maria,11,11086,1108604
1108605000,118605000,Sarangani,11,11086,1108605
1130700000,112402000,City of Davao,11,11307,1130700
1204701000,124701000,Alamada,12,12047,1204701
1204702000,124702000,Carmen,12,12047,1204702
1204703000,124703000,Kabacan,12,12047,1204703
1204704000,124704000,City of Kidapawan ,12,12047,1204704
1204705000,124705000,Libungan,12,12047,1204705
1204706000,124706000,Magpet,12,12047,1204706
1204707000,124707000,Makilala,12,12047,1204707
1204708000,124708000,Matalam,12,12047,1204708
1204709000,124709000,Midsayap,12,12047,1204709
1204710000,124710000,"M'Lang",12,12047,1204710
1204711000,124711000,Pigkawayan,12,12047,1204711
1204712000,124712000,Pikit,12,12047,1204712
1204713000,124713000,President Roxas,12,12047,1204713
1204714000,124714000,Tulunan,12,12047,1204714
1204715000,124715000,Antipas,12,12047,1204715
1204716000,124716000,Banisilan,12,12047,1204716
1204717000,124717000,Aleosan,12,12047,1204717
1204718000,124718000,Arakan,12,12047,1204718
1206302000,126302000,Banga,12,12063,1206302
1206306000,126306000,City of Koronadal ,12,12063,1206306
1206311000,126311000,Norala,12,12063,1206311
1206312000,126312000,Polomolok,12,12063,1206312
1206313000,126313000,Surallah,12,12063,1206313
1206314000,126314000,Tampakan,12,12063,1206314
1206315000,126315000,Tantangan,12,12063,1206315
1206316000,126316000,"T'Boli",12,12063,1206316
1206317000,126317000,Tupi,12,12063,1206317
1206318000,126318000,Santo Niño,12,12063,1206318
1206319000,126319000,Lake Sebu,12,12063,1206319
1206501000,126501000,Bagumbayan,12,12065,1206501
1206502000,126502000,Columbio,12,12065,1206502
1206503000,126503000,Esperanza,12,12065,1206503
1206504000,126504000,Isulan ,12,12065,1206504
1206505000,126505000,Kalamansig,12,12065,1206505
1206506000,126506000,Lebak,12,12065,1206506
1206507000,126507000,Lutayan,12,12065,1206507
1206508000,126508000,Lambayong,12,12065,1206508
1206509000,126509000,Palimbang,12,12065,1206509
1206510000,126510000,President Quirino,12,12065,1206510
1206511000,126511000,City of Tacurong,12,12065,1206511
1206512000,126512000,Sen. Ninoy Aquino,12,12065,1206512
1208001000,128001000,Alabel ,12,12080,1208001
1208002000,128002000,Glan,12,12080,1208002
1208003000,128003000,Kiamba,12,12080,1208003
1208004000,128004000,Maasim,12,12080,1208004
1208005000,128005000,Maitum,12,12080,1208005
1208006000,128006000,Malapatan,12,12080,1208006
1208007000,128007000,Malungon,12,12080,1208007
1230800000,126303000,City of General Santos,12,12308,1230800
1600201000,160201000,Buenavista,16,16002,1600201
1600203000,160203000,City of Cabadbaran,16,16002,1600203
1600204000,160204000,Carmen,16,16002,1600204
1600205000,160205000,Jabonga,16,16002,1600205
1600206000,160206000,Kitcharao,16,16002,1600206
1600207000,160207000,Las Nieves,16,16002,1600207
1600208000,160208000,Magallanes,16,16002,1600208
1600209000,160209000,Nasipit,16,16002,1600209
1600210000,160210000,Santiago,16,16002,1600210
1600211000,160211000,Tubay,16,16002,1600211
1600212000,160212000,Remedios T. Romualdez,16,16002,1600212
1600301000,160301000,City of Bayugan,16,16003,1600301
1600302000,160302000,Bunawan,16,16003,1600302
1600303000,160303000,Esperanza,16,16003,1600303
1600304000,160304000,La Paz,16,16003,1600304
1600305000,160305000,Loreto,16,16003,1600305
1600306000,160306000,Prosperidad ,16,16003,1600306
1600307000,160307000,Rosario,16,16003,1600307
1600308000,160308000,San Francisco,16,16003,1600308
1600309000,160309000,San Luis,16,16003,1600309
1600310000,160310000,Santa Josefa,16,16003,1600310
1600311000,160311000,Talacogon,16,16003,1600311
1600312000,160312000,Trento,16,16003,1600312
1600313000,160313000,Veruela,16,16003,1600313
1600314000,160314000,Sibagat,16,16003,1600314
1606701000,166701000,Alegria,16,16067,1606701
1606702000,166702000,Bacuag,16,16067,1606702
1606704000,166704000,Burgos,16,16067,1606704
1606706000,166706000,Claver,16,16067,1606706
1606707000,166707000,Dapa,16,16067,1606707
1606708000,166708000,Del Carmen,16,16067,1606708
1606710000,166710000,General Luna,16,16067,1606710
1606711000,166711000,Gigaquit,16,16067,1606711
1606714000,166714000,Mainit,16,16067,1606714
1606715000,166715000,Malimono,16,16067,1606715
1606716000,166716000,Pilar,16,16067,1606716
1606717000,166717000,Placer,16,16067,1606717
1606718000,166718000,San Benito,16,16067,1606718
1606719000,166719000,San Francisco,16,16067,1606719
1606720000,166720000,San Isidro,16,16067,1606720
1606721000,166721000,Santa Monica,16,16067,1606721
1606722000,166722000,Sison,16,16067,1606722
1606723000,166723000,Socorro,16,16067,1606723
1606724000,166724000,City of Surigao ,16,16067,1606724
1606725000,166725000,Tagana-An,16,16067,1606725
1606727000,166727000,Tubod,16,16067,1606727
1606801000,166801000,Barobo,16,16068,1606801
1606802000,166802000,Bayabas,16,16068,1606802
1606803000,166803000,City of Bislig,16,16068,1606803
1606804000,166804000,Cagwait,16,16068,1606804
1606805000,166805000,Cantilan,16,16068,1606805
1606806000,166806000,Carmen,16,16068,1606806
1606807000,166807000,Carrascal,16,16068,1606807
1606808000,166808000,Cortes,16,16068,1606808
1606809000,166809000,Hinatuan,16,16068,1606809
1606810000,166810000,Lanuza,16,16068,1606810
1606811000,166811000,Lianga,16,16068,1606811
1606812000,166812000,Lingig,16,16068,1606812
1606813000,166813000,Madrid,16,16068,1606813
1606814000,166814000,Marihatag,16,16068,1606814
1606815000,166815000,San Agustin,16,16068,1606815
1606816000,166816000,San Miguel,16,16068,1606816
1606817000,166817000,Tagbina,16,16068,1606817
1606818000,166818000,Tago,16,16068,1606818
1606819000,166819000,City of Tandag ,16,16068,1606819
1608501000,168501000,Basilisa,16,16085,1608501
1608502000,168502000,Cagdianao,16,16085,1608502
1608503000,168503000,Dinagat,16,16085,1608503
1608504000,168504000,Libjo,16,16085,1608504
1608505000,168505000,Loreto,16,16085,1608505
1608506000,168506000,San Jose ,16,16085,1608506
1608507000,168507000,Tubajon,16,16085,1608507
1630400000,160202000,City of Butuan ,16,16304,1630400
1900702000,150702000,City of Lamitan ,19,19007,1900702
1900703000,150703000,Lantawan,19,19007,1900703
1900704000,150704000,Maluso,19,19007,1900704
1900705000,150705000,Sumisip,19,19007,1900705
1900706000,150706000,Tipo-Tipo,19,19007,1900706
1900707000,150707000,Tuburan,19,19007,1900707
1900708000,150708000,Akbar,19,19007,1900708
1900709000,150709000,Al-Barka,19,19007,1900709
1900710000,150710000,Hadji Mohammad Ajul,19,19007,1900710
1900711000,150711000,Ungkaya Pukan,19,19007,1900711
1900712000,150712000,Hadji Muhtamad,19,19007,1900712
1900713000,150713000,Tabuan-Lasa,19,19007,1900713
1903601000,153601000,Bacolod-Kalawi,19,19036,1903601
1903602000,153602000,Balabagan,19,19036,1903602
1903603000,153603000,Balindong,19,19036,1903603
1903604000,153604000,Bayang,19,19036,1903604
1903605000,153605000,Binidayan,19,19036,1903605
1903606000,153606000,Bubong,19,19036,1903606
1903607000,153607000,Butig,19,19036,1903607
1903609000,153609000,Ganassi,19,19036,1903609
1903610000,153610000,Kapai,19,19036,1903610
1903611000,153611000,Lumba-Bayabao,19,19036,1903611
1903612000,153612000,Lumbatan,19,19036,1903612
1903613000,153613000,Madalum,19,19036,1903613
1903614000,153614000,Madamba,19,19036,1903614
1903615000,153615000,Malabang,19,19036,1903615
1903616000,153616000,Marantao,19,19036,1903616
1903617000,153617000,City of Marawi ,19,19036,1903617
1903618000,153618000,Masiu,19,19036,1903618
1903619000,153619000,Mulondo,19,19036,1903619
1903620000,153620000,Pagayawan,19,19036,1903620
1903621000,153621000,Piagapo,19,19036,1903621
1903622000,153622000,Poona Bayabao,19,19036,1903622
1903623000,153623000,Pualas,19,19036,1903623
1903624000,153624000,Ditsaan-Ramain,19,19036,1903624
1903625000,153625000,Saguiaran,19,19036,1903625
1903626000,153626000,Tamparan,19,19036,1903626
1903627000,153627000,Taraka,19,19036,1903627
1903628000,153628000,Tubaran,19,19036,1903628
1903629000,153629000,Tugaya,19,19036,1903629
1903630000,153630000,Wao,19,19036,1903630
1903631000,153631000,Marogong,19,19036,1903631
1903632000,153632000,Calanogas,19,19036,1903632
1903633000,153633000,Buadiposo-Buntong,19,19036,1903633
1903634000,153634000,Maguing,19,19036,1903634
1903635000,153635000,Picong,19,19036,1903635
1903636000,153636000,Lumbayanague,19,19036,1903636
1903637000,153637000,Amai Manabilang,19,19036,1903637
1903638000,153638000,Tagoloan Ii,19,19036,1903638
1903639000,153639000,Kapatagan,19,19036,1903639
1903640000,153640000,Sultan Dumalondong,19,19036,1903640
1903641000,153641000,Lumbaca-Unayan,19,19036,1903641
1906601000,156601000,Indanan,19,19066,1906601
1906602000,156602000,Jolo ,19,19066,1906602
1906603000,156603000,Kalingalan Caluang,19,19066,1906603
1906604000,156604000,Luuk,19,19066,1906604
1906605000,156605000,Maimbung,19,19066,1906605
1906606000,156606000,Hadji Panglima Tahil,19,19066,1906606
1906607000,156607000,Old Panamao,19,19066,1906607
1906608000,156608000,Pangutaran,19,19066,1906608
1906609000,156609000,Parang,19,19066,1906609
1906610000,156610000,Pata,19,19066,1906610
1906611000,156611000,Patikul,19,19066,1906611
1906612000,156612000,Siasi,19,19066,1906612
1906613000,156613000,Talipao,19,19066,1906613
1906614000,156614000,Tapul,19,19066,1906614
1906615000,156615000,Tongkil,19,19066,1906615
1906616000,156616000,Panglima Estino,19,19066,1906616
1906617000,156617000,Lugus,19,19066,1906617
1906618000,156618000,Pandami,19,19066,1906618
1906619000,156619000,Omar,19,19066,1906619
1907001000,157001000,Panglima Sugala,19,19070,1907001
1907002000,157002000,Bongao ,19,19070,1907002
1907003000,157003000,Mapun,19,19070,1907003
1907004000,157004000,Simunul,19,19070,1907004
1907005000,157005000,Sitangkai,19,19070,1907005
1907006000,157006000,South Ubian,19,19070,1907006
1907007000,157007000,Tandubas,19,19070,1907007
1907008000,157008000,Turtle Islands,19,19070,1907008
1907009000,157009000,Languyan,19,19070,1907009
1907010000,157010000,Sapa-Sapa,19,19070,1907010
1907011000,157011000,Sibutu,19,19070,1907011
1908701000,153818000,Barira,19,19087,1908701
1908702000,153802000,Buldon,19,19087,1908702
1908703000,129804000,City of Cotabato,19,19087,1908703
1908704000,153830000,Datu Blah T. Sinsuat,19,19087,1908704
1908705000,153807000,Datu Odin Sinsuat,19,19087,1908705
1908706000,153814000,Kabuntalan,19,19087,1908706
1908707000,153809000,Matanog,19,19087,1908707
1908708000,153834000,Northern Kabuntalan,19,19087,1908708
1908709000,153811000,Parang,19,19087,1908709
1908710000,153812000,Sultan Kudarat,19,19087,1908710
1908711000,153824000,Sultan Mastura,19,19087,1908711
1908712000,153821000,Talitay,19,19087,1908712
1908713000,153815000,Upi,19,19087,1908713
1908801000,153801000,Ampatuan,19,19088,1908801
1908802000,153803000,Buluan,19,19088,1908802
1908803000,153828000,Datu Abdullah Sangki,19,19088,1908803
1908804000,153831000,Datu Anggal Midtimbang,19,19088,1908804
1908805000,153835000,Datu Hoffer Ampatuan,19,19088,1908805
1908806000,153805000,Datu Paglas,19,19088,1908806
1908807000,153806000,Datu Piang,19,19088,1908807
1908808000,153836000,Datu Salibo,19,19088,1908808
1908809000,153826000,Datu Saudi Ampatuan,19,19088,1908809
1908810000,153827000,Datu Unsay,19,19088,1908810
1908811000,153819000,Gen. S.K. Pendatun,19,19088,1908811
1908812000,153825000,Guindulungan,19,19088,1908812
1908813000,153820000,Mamasapano,19,19088,1908813
1908814000,153832000,Mangudadatu,19,19088,1908814
1908815000,153822000,Pagagawan,19,19088,1908815
1908816000,153810000,Pagalungan,19,19088,1908816
1908817000,153823000,Paglat,19,19088,1908817
1908818000,153833000,Pandag,19,19088,1908818
1908819000,153829000,Rajah Buayan,19,19088,1908819
1908820000,153808000,Shariff Aguak,19,19088,1908820
1908821000,153837000,Shariff Saydona Mustapha,19,19088,1908821
1908822000,153817000,South Upi,19,19088,1908822
1908823000,153813000,Sultan Sa Barongis,19,19088,1908823
1908824000,153816000,Talayan,19,19088,1908824
1999901000,,Kapalawan,19,19999,1999901
1999902000,,Old Kaabakan,19,19999,1999902
1999903000,,Kadayangan,19,19999,1999903
1999904000,,Nabalawag,19,19999,1999904
1999905000,,Pahamuddin,19,19999,1999905
1999906000,,Malidegao,19,19999,1999906
1999907000,,Ligawasan,19,19999,1999907
1999908000,,Tugunan,19,19999,1999908